ID,name,createdAt,createdBy,modifiedAt,modifiedBy
28123929-2abe-4049-a229-800c1db84615,George Orwell,2014-07-13T23:00:00.000Z,createdBy.gqsk9@example.org,2000-11-16T23:00:00.000Z,modifiedBy.gqsk9@example.net
23927236-4cde-4143-af19-5505b92fffd0,Jane Austen,2023-10-29T23:00:00.000Z,createdBy.e8udg@example.net,2019-07-05T23:00:00.000Z,modifiedBy.e8udg@example.com
23927237-35c4-4a73-8557-666888d58ce2,Mark Twain,2007-07-24T23:00:00.000Z,createdBy.e8udh@example.org,2013-10-23T23:00:00.000Z,modifiedBy.e8udh@example.org
23927238-81d6-4a1f-b38e-903f036dce8a,Virginia Woolf,2021-06-14T23:00:00.000Z,createdBy.e8udi@example.org,2019-10-29T23:00:00.000Z,modifiedBy.e8udi@example.com
23927239-1f7c-4894-99bf-819306fcd0b6,name-23927239,2013-11-30T23:00:00.000Z,createdBy.e8udj@example.net,2014-01-05T23:00:00.000Z,modifiedBy.e8udj@example.net
23927240-7178-4e67-9921-a5c3ae0be34d,name-23927240,2015-12-26T23:00:00.000Z,createdBy.e8udk@example.com,2016-02-20T23:00:00.000Z,modifiedBy.e8udk@example.org
23927241-eb43-4ec0-af35-0e37ecae6899,name-23927241,2018-05-04T23:00:00.000Z,createdBy.e8udl@example.net,2011-11-21T23:00:00.000Z,modifiedBy.e8udl@example.org
23927242-331a-454a-bf81-b099f90d1afc,name-23927242,2004-04-12T23:00:00.000Z,createdBy.e8udm@example.org,2004-09-02T23:00:00.000Z,modifiedBy.e8udm@example.com
23927243-3f32-46ae-abd1-1bb6dd303eb5,name-23927243,2000-02-17T23:00:00.000Z,createdBy.e8udn@example.com,2007-04-12T23:00:00.000Z,modifiedBy.e8udn@example.org
23927244-31aa-4dc1-bb9d-e9993cbd7df0,name-23927244,2000-06-04T23:00:00.000Z,createdBy.e8udo@example.org,2014-05-24T23:00:00.000Z,modifiedBy.e8udo@example.com
23927245-acf6-43d3-aeb9-9f4814f17791,name-23927245,2012-12-09T23:00:00.000Z,createdBy.e8udp@example.org,2019-06-19T23:00:00.000Z,modifiedBy.e8udp@example.net
23927246-bc5e-431f-bb42-43712a54ff1a,name-23927246,2009-07-01T23:00:00.000Z,createdBy.e8udq@example.org,2015-12-03T23:00:00.000Z,modifiedBy.e8udq@example.org
23927247-3eb0-431e-8ef4-b7b37b853f0b,name-23927247,2000-07-15T23:00:00.000Z,createdBy.e8udr@example.com,2017-09-15T23:00:00.000Z,modifiedBy.e8udr@example.net
23927248-4106-4853-9dc5-0e01ccee6140,name-23927248,2003-01-07T23:00:00.000Z,createdBy.e8uds@example.com,2019-12-29T23:00:00.000Z,modifiedBy.e8uds@example.com
23927249-9141-46d9-9908-8ca53ddad2ed,name-23927249,2020-05-16T23:00:00.000Z,createdBy.e8udt@example.com,2002-05-01T23:00:00.000Z,modifiedBy.e8udt@example.com
23927250-5f87-407e-85dc-d81aadbe2447,name-23927250,2015-10-23T23:00:00.000Z,createdBy.e8udu@example.com,2002-02-02T23:00:00.000Z,modifiedBy.e8udu@example.net
23927251-2ae1-4b2b-b12e-c3e6ca2d9649,name-23927251,2020-02-14T23:00:00.000Z,createdBy.e8udv@example.net,2014-05-18T23:00:00.000Z,modifiedBy.e8udv@example.com
23927252-e72d-436d-8866-ae129f84811e,name-23927252,2017-06-14T23:00:00.000Z,createdBy.e8udw@example.net,2006-02-22T23:00:00.000Z,modifiedBy.e8udw@example.org
23927253-d09f-4cea-b3a9-6b1b5f35d549,name-23927253,2011-06-22T23:00:00.000Z,createdBy.e8udx@example.org,2012-02-18T23:00:00.000Z,modifiedBy.e8udx@example.org
23927254-a808-4585-b9cf-c5216805e555,name-23927254,2008-08-17T23:00:00.000Z,createdBy.e8udy@example.com,2010-07-07T23:00:00.000Z,modifiedBy.e8udy@example.com